{
    "short_name": "b2",
    "long_name": "Barb Sanders #2",
    "n_dreams": "1138",
    "timeframe": "1997-2001",
    "sex": "female",
    "description": "1138 more dreams from Barb Sanders, written down in 1997 through 2001. These dreams are not included with the first set because they were written down by the dreamer after she was aware that her dreams were being studied.  It is not likely that they changed, but it is better to analyze the first set separately for scientific purposes, just to be sure.\n\n(Read the info about the first Sanders series for details about her life.)"
}