{
    "short_name": "bea1",
    "long_name": "Bea 1: a high school student",
    "n_dreams": "223",
    "timeframe": "2003-2005",
    "sex": "female",
    "description": "Bea's vivid dream reports from age 14 to 16 provide one of the longest and most detailed dream journals we have from a young teenager.  There are a smaller number of dream reports from her early years in college, but they are nonetheless useful for a comparison with her dreams as a teenager.   (For more information about Bea and her dream series, including the \"cast of characters\" in her dreams, click here.)"
}