{
    "short_name": "blind-m",
    "long_name": "Blind dreamers (M)",
    "n_dreams": "143",
    "timeframe": "mid-1990s",
    "sex": "male",
    "description": "These dreams were collected in the mid-1990s from several men and women ranging from their 20s to their 70s, but most are from 40 to 65. Some are congenitally blind; most of the others have been blind for over 20 years, but one older woman has been blind for only a few years. (For more about this series, including a table with details about each dreamer, click here.  For a published article discussing these dream series and summarizing other research on blind dreamers, click here.)"
}