{
    "short_name": "college-m",
    "long_name": "College students, 1997-1998 (M)",
    "n_dreams": "160",
    "timeframe": "1997-1998",
    "sex": "male",
    "description": "These are dreams from men in a college setting, collected in 1997 or 1998 for a study of dream content at a university on the East Coast of the United States. We have not studied them, and we have no access to the dreamers for possible feedback. The dreams are of use for comparison with earlier dreams from college settings."
}