{
    "short_name": "dahlia",
    "long_name": "Dahlia: concerns with appearance",
    "n_dreams": "24",
    "timeframe": "?",
    "sex": "female",
    "description": "This series of 24 dreams from a 21-year-old college student is of interest for the predominance of a few concerns and interests that fit well with her waking life.  It is also of interest because it may contain examples of various forms of figurative thought.  This series has been analyzed independently by two students who knew nothing about the dreamer; they asked the dreamer and one of the dreamer's friends to agree or disagree with a series of written questions based on the analysis.\n\n(For more information about Dahlia, click here.)"
}