{
    "short_name": "elizabeth",
    "long_name": "Elizabeth: a woman in her 40s",
    "n_dreams": "1707",
    "timeframe": "1999-",
    "sex": "female",
    "description": "Elizabeth first recorded a few of her dreams in 1991, and she began recording consistently in 1999. She is the single mother of a son, born in 1983, whom she has raised alone since he was 18 months old. During this time she worked in business management and also began to attend college.For the \"cast of characters\" in Elizabeth's dreams, click here."
}