{
    "short_name": "hall_female",
    "long_name": "College women, late 1940s",
    "n_dreams": "681",
    "timeframe": "1946-1950",
    "sex": "female",
    "description": "These dreams were collected by Calvin Hall from his students in an undergraduate course in personality at Western Reserve University in Cleveland, Ohio, in 1947 and 1948.  Well over a thousand dreams were collected, but on this Web site we've included only the 681 dream reports that came from the female students.  (For more about this series, including the questions that were asked as part of the dream recording process, click here.)"
}