{
    "short_name": "norms-f",
    "long_name": "Hall/VdC Norms: Female",
    "n_dreams": "490",
    "timeframe": "1940s-1950s",
    "sex": "female",
    "description": "This set contains the 500 dream reports on which Hall and Van de Castle based the female norms in their 1966 book on The Content Analysis of Dreams. The dreams were collected in Cleveland, Ohio, in the late 1940s and early 1950s.\n\nNOTE: Unfortunately, some of the original cards are missing, possibly lost to the mists of time.  These are the numbers of the cards we can't find: 146 (text is missing); 305, 329, 346, 347, 353, 354, 366, 367, 368 (text and codings are missing)."
}