{
    "short_name": "tom",
    "long_name": "Tom: An outgoing man",
    "n_dreams": "27",
    "timeframe": "1990s",
    "sex": "male",
    "description": "Tom was a 21-year-old graduating senior when he recorded these 27 dreams in the 1990s.  An outgoing, competitive person and very good student, in his dreams he takes great interest in young women, wants to be noticed for his physical prowess, can't find the means to go skateboarding and surfing, experiences hassles at work, and has conflicts with his father and a male housemate."
}